{
  "speechrate": {
    "window_length": 1,
    "window_overlap": 0.5,
    "values": [
      7,
      2,
      5,
      7,
      5,
      5,
      8.109971955312382
    ]
  },
  "f0": {
    "mean": 226.35001756504636,
    "min": 136.34055439919712,
    "max": 349.24471284555034,
    "sd": 28.920459150992322,
    "range": 212.90415844635322
  },
  "intensity": {
    "mean": 68.4426007999256,
    "min": 53.647933333769615,
    "max": 83.78423925094071,
    "sd": 4.677140769316503,
    "range": 30.1363059171711
  },
  "pauses": 2
}
